expiry,sesskey,value
1157503748,4633963302750a91b6bade3652922016,"cart|O:12:""shoppingcart"":4:{s:8:""contents"";a:0:{}s:5:""total"";i:0;s:6:""weight"";i:0;s:12:""content_type"";b:0;}language|s:7:""english"";languages_id|s:1:""1"";currency|s:3:""USD"";navigation|O:17:""navigationhistory"":2:{s:4:""path"";a:1:{i:0;a:4:{s:4:""page"";s:9:""index.php"";s:4:""mode"";s:6:""NONSSL"";s:3:""get"";a:0:{}s:4:""post"";a:0:{}}}s:8:""snapshot"";a:0:{}}affiliate_ref|N;affiliate_clickthroughs_id|N;"
1157503752,b9e7c52e088a789d79620614aed90c53,"cart|O:12:""shoppingcart"":4:{s:8:""contents"";a:0:{}s:5:""total"";i:0;s:6:""weight"";i:0;s:12:""content_type"";b:0;}language|s:7:""english"";languages_id|s:1:""1"";currency|s:3:""USD"";navigation|O:17:""navigationhistory"":2:{s:4:""path"";a:1:{i:0;a:4:{s:4:""page"";s:20:""calendar_content.php"";s:4:""mode"";s:6:""NONSSL"";s:3:""get"";a:2:{s:6:""_month"";s:0:"""";s:5:""_year"";s:0:"""";}s:4:""post"";a:0:{}}}s:8:""snapshot"";a:0:{}}affiliate_ref|N;affiliate_clickthroughs_id|N;"
1157505272,d638b745f70924f54ffd12afbfe69153,"cart|O:12:""shoppingcart"":5:{s:8:""contents"";a:0:{}s:5:""total"";i:0;s:6:""weight"";i:0;s:6:""cartID"";N;s:12:""content_type"";b:0;}language|s:7:""english"";languages_id|s:1:""1"";currency|s:3:""USD"";navigation|O:17:""navigationhistory"":2:{s:4:""path"";a:5:{i:0;a:4:{s:4:""page"";s:9:""index.php"";s:4:""mode"";s:6:""NONSSL"";s:3:""get"";a:1:{s:6:""osCsid"";s:32:""d638b745f70924f54ffd12afbfe69153"";}s:4:""post"";a:0:{}}i:1;a:4:{s:4:""page"";s:15:""information.php"";s:4:""mode"";s:6:""NONSSL"";s:3:""get"";a:2:{s:7:""info_id"";s:1:""1"";s:6:""osCsid"";s:32:""d638b745f70924f54ffd12afbfe69153"";}s:4:""post"";a:0:{}}i:2;a:4:{s:4:""page"";s:9:""index.php"";s:4:""mode"";s:6:""NONSSL"";s:3:""get"";a:2:{s:5:""cPath"";s:1:""3"";s:6:""osCsid"";s:32:""d638b745f70924f54ffd12afbfe69153"";}s:4:""post"";a:0:{}}i:3;a:4:{s:4:""page"";s:12:""allprods.php"";s:4:""mode"";s:6:""NONSSL"";s:3:""get"";a:1:{s:6:""osCsid"";s:32:""d638b745f70924f54ffd12afbfe69153"";}s:4:""post"";a:0:{}}i:4;a:4:{s:4:""page"";s:16:""product_info.php"";s:4:""mode"";s:6:""NONSSL"";s:3:""get"";a:2:{s:11:""products_id"";s:2:""22"";s:6:""osCsid"";s:32:""d638b745f70924f54ffd12afbfe69153"";}s:4:""post"";a:0:{}}}s:8:""snapshot"";a:0:{}}affiliate_ref|N;affiliate_clickthroughs_id|N;SESSION_WISHLIST|s:2:""22"";"
1157503759,253d6f4ce2b3609e1ddc5464d75e7195,"cart|O:12:""shoppingcart"":4:{s:8:""contents"";a:0:{}s:5:""total"";i:0;s:6:""weight"";i:0;s:12:""content_type"";b:0;}language|s:7:""english"";languages_id|s:1:""1"";currency|s:3:""USD"";navigation|O:17:""navigationhistory"":2:{s:4:""path"";a:1:{i:0;a:4:{s:4:""page"";s:20:""calendar_content.php"";s:4:""mode"";s:6:""NONSSL"";s:3:""get"";a:2:{s:6:""_month"";s:0:"""";s:5:""_year"";s:0:"""";}s:4:""post"";a:0:{}}}s:8:""snapshot"";a:0:{}}affiliate_ref|N;affiliate_clickthroughs_id|N;"
1157503821,58ada7e29ac1fb8e0ad6d6e70ee02d69,"language|s:7:""english"";languages_id|s:1:""1"";currency|s:3:""USD"";selected_box|N;"
1157505365,37cff9481ceed6bfc15e62621f1e6541,"language|s:7:""english"";languages_id|s:1:""1"";currency|s:3:""USD"";selected_box|s:15:""design_controls"";login_first_name|N;"
1157503927,996857dda630d9b6382a4bb16a02ffec,"cart|O:12:""shoppingcart"":4:{s:8:""contents"";a:0:{}s:5:""total"";i:0;s:6:""weight"";i:0;s:12:""content_type"";b:0;}language|s:7:""english"";languages_id|s:1:""1"";currency|s:3:""USD"";navigation|O:17:""navigationhistory"":2:{s:4:""path"";a:1:{i:0;a:4:{s:4:""page"";s:20:""calendar_content.php"";s:4:""mode"";s:6:""NONSSL"";s:3:""get"";a:2:{s:6:""_month"";s:0:"""";s:5:""_year"";s:0:"""";}s:4:""post"";a:0:{}}}s:8:""snapshot"";a:0:{}}affiliate_ref|N;affiliate_clickthroughs_id|N;"
1157503887,2e059e5bda3a3dd19c1630c7153ba87d,"cart|O:12:""shoppingcart"":4:{s:8:""contents"";a:0:{}s:5:""total"";i:0;s:6:""weight"";i:0;s:12:""content_type"";b:0;}language|s:7:""english"";languages_id|s:1:""1"";currency|s:3:""USD"";navigation|O:17:""navigationhistory"":2:{s:4:""path"";a:1:{i:0;a:4:{s:4:""page"";s:20:""calendar_content.php"";s:4:""mode"";s:3:""SSL"";s:3:""get"";a:2:{s:6:""_month"";s:0:"""";s:5:""_year"";s:0:"""";}s:4:""post"";a:0:{}}}s:8:""snapshot"";a:0:{}}affiliate_ref|N;affiliate_clickthroughs_id|N;"
1157504065,7980d0c14c74968996038b8c2d5ddbf2,"cart|O:12:""shoppingcart"":4:{s:8:""contents"";a:0:{}s:5:""total"";i:0;s:6:""weight"";i:0;s:12:""content_type"";b:0;}language|s:7:""english"";languages_id|s:1:""1"";currency|s:3:""USD"";navigation|O:17:""navigationhistory"":2:{s:4:""path"";a:1:{i:0;a:4:{s:4:""page"";s:20:""calendar_content.php"";s:4:""mode"";s:6:""NONSSL"";s:3:""get"";a:2:{s:6:""_month"";s:0:"""";s:5:""_year"";s:0:"""";}s:4:""post"";a:0:{}}}s:8:""snapshot"";a:0:{}}affiliate_ref|N;affiliate_clickthroughs_id|N;"
1157504320,138ae7d37a928156215b214c240aca7f,"cart|O:12:""shoppingcart"":4:{s:8:""contents"";a:0:{}s:5:""total"";i:0;s:6:""weight"";i:0;s:12:""content_type"";b:0;}language|s:7:""english"";languages_id|s:1:""1"";currency|s:3:""USD"";navigation|O:17:""navigationhistory"":2:{s:4:""path"";a:1:{i:0;a:4:{s:4:""page"";s:20:""calendar_content.php"";s:4:""mode"";s:6:""NONSSL"";s:3:""get"";a:2:{s:6:""_month"";s:0:"""";s:5:""_year"";s:0:"""";}s:4:""post"";a:0:{}}}s:8:""snapshot"";a:0:{}}affiliate_ref|N;affiliate_clickthroughs_id|N;"
1157505392,127a0a20d718556b208a75c9de04e692,"language|s:7:""english"";languages_id|s:1:""1"";currency|s:3:""USD"";selected_box|N;"
1157505267,6fa4e46b88d398133179e4c13fa5266c,"cart|O:12:""shoppingcart"":4:{s:8:""contents"";a:0:{}s:5:""total"";i:0;s:6:""weight"";i:0;s:12:""content_type"";b:0;}language|s:7:""english"";languages_id|s:1:""1"";currency|s:3:""USD"";navigation|O:17:""navigationhistory"":2:{s:4:""path"";a:1:{i:0;a:4:{s:4:""page"";s:20:""calendar_content.php"";s:4:""mode"";s:6:""NONSSL"";s:3:""get"";a:2:{s:6:""_month"";s:0:"""";s:5:""_year"";s:0:"""";}s:4:""post"";a:0:{}}}s:8:""snapshot"";a:0:{}}affiliate_ref|N;affiliate_clickthroughs_id|N;"
1157505276,9194ec9d763ef4c9021573ef17309169,"cart|O:12:""shoppingcart"":4:{s:8:""contents"";a:0:{}s:5:""total"";i:0;s:6:""weight"";i:0;s:12:""content_type"";b:0;}language|s:7:""english"";languages_id|s:1:""1"";currency|s:3:""USD"";navigation|O:17:""navigationhistory"":2:{s:4:""path"";a:1:{i:0;a:4:{s:4:""page"";s:20:""calendar_content.php"";s:4:""mode"";s:6:""NONSSL"";s:3:""get"";a:2:{s:6:""_month"";s:0:"""";s:5:""_year"";s:0:"""";}s:4:""post"";a:0:{}}}s:8:""snapshot"";a:0:{}}affiliate_ref|N;affiliate_clickthroughs_id|N;"
1157510072,3d812d8b44d6793441011de0d0786718,"cart|O:12:""shoppingcart"":6:{s:8:""contents"";a:0:{}s:5:""total"";i:0;s:6:""weight"";i:0;s:6:""cartID"";N;s:12:""content_type"";b:0;s:5:""cg_id"";s:1:""0"";}language|s:7:""english"";languages_id|s:1:""1"";currency|s:3:""USD"";navigation|O:17:""navigationhistory"":2:{s:4:""path"";a:3:{i:0;a:4:{s:4:""page"";s:9:""index.php"";s:4:""mode"";s:6:""NONSSL"";s:3:""get"";a:0:{}s:4:""post"";a:0:{}}i:1;a:4:{s:4:""page"";s:17:""shopping_cart.php"";s:4:""mode"";s:6:""NONSSL"";s:3:""get"";a:1:{s:6:""osCsid"";s:32:""3d812d8b44d6793441011de0d0786718"";}s:4:""post"";a:0:{}}i:2;a:4:{s:4:""page"";s:16:""all_prodcats.php"";s:4:""mode"";s:6:""NONSSL"";s:3:""get"";a:1:{s:6:""osCsid"";s:32:""3d812d8b44d6793441011de0d0786718"";}s:4:""post"";a:0:{}}}s:8:""snapshot"";a:0:{}}affiliate_ref|N;affiliate_clickthroughs_id|N;"
1157509732,c46d4ed4c9f76e2e5efc1bdf74018b2e,"cart|O:12:""shoppingcart"":4:{s:8:""contents"";a:0:{}s:5:""total"";i:0;s:6:""weight"";i:0;s:12:""content_type"";b:0;}language|s:7:""english"";languages_id|s:1:""1"";currency|s:3:""USD"";navigation|O:17:""navigationhistory"":2:{s:4:""path"";a:1:{i:0;a:4:{s:4:""page"";s:20:""calendar_content.php"";s:4:""mode"";s:6:""NONSSL"";s:3:""get"";a:2:{s:6:""_month"";s:0:"""";s:5:""_year"";s:0:"""";}s:4:""post"";a:0:{}}}s:8:""snapshot"";a:0:{}}affiliate_ref|N;affiliate_clickthroughs_id|N;"
1157509974,ab0eaba8f16f0a228afbc9c25c767a9e,"cart|O:12:""shoppingcart"":4:{s:8:""contents"";a:0:{}s:5:""total"";i:0;s:6:""weight"";i:0;s:12:""content_type"";b:0;}language|s:7:""english"";languages_id|s:1:""1"";currency|s:3:""USD"";navigation|O:17:""navigationhistory"":2:{s:4:""path"";a:1:{i:0;a:4:{s:4:""page"";s:20:""calendar_content.php"";s:4:""mode"";s:6:""NONSSL"";s:3:""get"";a:2:{s:6:""_month"";s:0:"""";s:5:""_year"";s:0:"""";}s:4:""post"";a:0:{}}}s:8:""snapshot"";a:0:{}}affiliate_ref|N;affiliate_clickthroughs_id|N;"
1157510076,2dfdbeba72b20f7f31547cb1a6976f71,"cart|O:12:""shoppingcart"":4:{s:8:""contents"";a:0:{}s:5:""total"";i:0;s:6:""weight"";i:0;s:12:""content_type"";b:0;}language|s:7:""english"";languages_id|s:1:""1"";currency|s:3:""USD"";navigation|O:17:""navigationhistory"":2:{s:4:""path"";a:1:{i:0;a:4:{s:4:""page"";s:20:""calendar_content.php"";s:4:""mode"";s:6:""NONSSL"";s:3:""get"";a:2:{s:6:""_month"";s:0:"""";s:5:""_year"";s:0:"""";}s:4:""post"";a:0:{}}}s:8:""snapshot"";a:0:{}}affiliate_ref|N;affiliate_clickthroughs_id|N;"
1157517483,2fd856741f64ceaca4736caa2a2a75bd,"language|s:7:""english"";languages_id|s:1:""1"";currency|s:3:""USD"";selected_box|s:15:""design_controls"";login_first_name|N;"
1157516591,05bb535b38c592c62ffe5825eb71b375,"cart|O:12:""shoppingcart"":4:{s:8:""contents"";a:0:{}s:5:""total"";i:0;s:6:""weight"";i:0;s:12:""content_type"";b:0;}language|s:7:""english"";languages_id|s:1:""1"";currency|s:3:""USD"";navigation|O:17:""navigationhistory"":2:{s:4:""path"";a:1:{i:0;a:4:{s:4:""page"";s:9:""index.php"";s:4:""mode"";s:6:""NONSSL"";s:3:""get"";a:0:{}s:4:""post"";a:0:{}}}s:8:""snapshot"";a:0:{}}affiliate_ref|N;affiliate_clickthroughs_id|N;"
1157516937,2e8c754d5841684cd9531d41183424bb,"cart|O:12:""shoppingcart"":4:{s:8:""contents"";a:0:{}s:5:""total"";i:0;s:6:""weight"";i:0;s:12:""content_type"";b:0;}language|s:7:""english"";languages_id|s:1:""1"";currency|s:3:""USD"";navigation|O:17:""navigationhistory"":2:{s:4:""path"";a:1:{i:0;a:4:{s:4:""page"";s:9:""index.php"";s:4:""mode"";s:6:""NONSSL"";s:3:""get"";a:0:{}s:4:""post"";a:0:{}}}s:8:""snapshot"";a:0:{}}affiliate_ref|N;affiliate_clickthroughs_id|N;"
1157517007,29f078930ac0f08489258c16d924bf31,"cart|O:12:""shoppingcart"":4:{s:8:""contents"";a:0:{}s:5:""total"";i:0;s:6:""weight"";i:0;s:12:""content_type"";b:0;}language|s:7:""english"";languages_id|s:1:""1"";currency|s:3:""USD"";navigation|O:17:""navigationhistory"":2:{s:4:""path"";a:1:{i:0;a:4:{s:4:""page"";s:9:""index.php"";s:4:""mode"";s:6:""NONSSL"";s:3:""get"";a:0:{}s:4:""post"";a:0:{}}}s:8:""snapshot"";a:0:{}}affiliate_ref|N;affiliate_clickthroughs_id|N;"
1157517159,f27e3f1a7a3bdd76b7f4b02383813377,"cart|O:12:""shoppingcart"":4:{s:8:""contents"";a:0:{}s:5:""total"";i:0;s:6:""weight"";i:0;s:12:""content_type"";b:0;}language|s:7:""english"";languages_id|s:1:""1"";currency|s:3:""USD"";navigation|O:17:""navigationhistory"":2:{s:4:""path"";a:1:{i:0;a:4:{s:4:""page"";s:9:""index.php"";s:4:""mode"";s:6:""NONSSL"";s:3:""get"";a:0:{}s:4:""post"";a:0:{}}}s:8:""snapshot"";a:0:{}}affiliate_ref|N;affiliate_clickthroughs_id|N;"
1157517613,678bcda00a14be1f133a2db9a9a3b0a4,"cart|O:12:""shoppingcart"":4:{s:8:""contents"";a:0:{}s:5:""total"";i:0;s:6:""weight"";i:0;s:12:""content_type"";b:0;}language|s:7:""english"";languages_id|s:1:""1"";currency|s:3:""USD"";navigation|O:17:""navigationhistory"":2:{s:4:""path"";a:1:{i:0;a:4:{s:4:""page"";s:9:""index.php"";s:4:""mode"";s:6:""NONSSL"";s:3:""get"";a:0:{}s:4:""post"";a:0:{}}}s:8:""snapshot"";a:0:{}}affiliate_ref|N;affiliate_clickthroughs_id|N;"
1157517900,a5807761fa1d22f33bd1ae029dac0c9c,"language|s:7:""english"";languages_id|s:1:""1"";currency|s:3:""USD"";selected_box|s:15:""design_controls"";login_first_name|N;"
1157517690,e358803a371c7072eb086502abf096d5,"cart|O:12:""shoppingcart"":4:{s:8:""contents"";a:0:{}s:5:""total"";i:0;s:6:""weight"";i:0;s:12:""content_type"";b:0;}language|s:7:""english"";languages_id|s:1:""1"";currency|s:3:""USD"";navigation|O:17:""navigationhistory"":2:{s:4:""path"";a:1:{i:0;a:4:{s:4:""page"";s:9:""index.php"";s:4:""mode"";s:6:""NONSSL"";s:3:""get"";a:0:{}s:4:""post"";a:0:{}}}s:8:""snapshot"";a:0:{}}affiliate_ref|N;affiliate_clickthroughs_id|N;"
1157517905,c940c6f07e0d8975009424d69b784229,"cart|O:12:""shoppingcart"":4:{s:8:""contents"";a:0:{}s:5:""total"";i:0;s:6:""weight"";i:0;s:12:""content_type"";b:0;}language|s:7:""english"";languages_id|s:1:""1"";currency|s:3:""USD"";navigation|O:17:""navigationhistory"":2:{s:4:""path"";a:1:{i:0;a:4:{s:4:""page"";s:9:""index.php"";s:4:""mode"";s:6:""NONSSL"";s:3:""get"";a:0:{}s:4:""post"";a:0:{}}}s:8:""snapshot"";a:0:{}}affiliate_ref|N;affiliate_clickthroughs_id|N;"
1157517911,88f5e60d73616843f2af2c259001021c,"cart|O:12:""shoppingcart"":4:{s:8:""contents"";a:0:{}s:5:""total"";i:0;s:6:""weight"";i:0;s:12:""content_type"";b:0;}language|s:7:""english"";languages_id|s:1:""1"";currency|s:3:""USD"";navigation|O:17:""navigationhistory"":2:{s:4:""path"";a:1:{i:0;a:4:{s:4:""page"";s:20:""calendar_content.php"";s:4:""mode"";s:6:""NONSSL"";s:3:""get"";a:2:{s:6:""_month"";s:0:"""";s:5:""_year"";s:0:"""";}s:4:""post"";a:0:{}}}s:8:""snapshot"";a:0:{}}affiliate_ref|N;affiliate_clickthroughs_id|N;"
1157532566,64f0c35988f54f3c7cca434e7e3b1711,"cart|O:12:""shoppingcart"":5:{s:8:""contents"";a:0:{}s:5:""total"";i:0;s:6:""weight"";i:0;s:6:""cartID"";N;s:12:""content_type"";b:0;}language|s:7:""english"";languages_id|s:1:""1"";currency|s:3:""USD"";navigation|O:17:""navigationhistory"":2:{s:4:""path"";a:3:{i:0;a:4:{s:4:""page"";s:9:""index.php"";s:4:""mode"";s:6:""NONSSL"";s:3:""get"";a:0:{}s:4:""post"";a:0:{}}i:1;a:4:{s:4:""page"";s:12:""allprods.php"";s:4:""mode"";s:6:""NONSSL"";s:3:""get"";a:1:{s:6:""osCsid"";s:32:""64f0c35988f54f3c7cca434e7e3b1711"";}s:4:""post"";a:0:{}}i:2;a:4:{s:4:""page"";s:16:""all_prodcats.php"";s:4:""mode"";s:6:""NONSSL"";s:3:""get"";a:1:{s:6:""osCsid"";s:32:""64f0c35988f54f3c7cca434e7e3b1711"";}s:4:""post"";a:0:{}}}s:8:""snapshot"";a:0:{}}affiliate_ref|N;affiliate_clickthroughs_id|N;"
1157532405,f422c32f16ae105ef508e450340b1e60,"cart|O:12:""shoppingcart"":4:{s:8:""contents"";a:0:{}s:5:""total"";i:0;s:6:""weight"";i:0;s:12:""content_type"";b:0;}language|s:7:""english"";languages_id|s:1:""1"";currency|s:3:""USD"";navigation|O:17:""navigationhistory"":2:{s:4:""path"";a:1:{i:0;a:4:{s:4:""page"";s:20:""calendar_content.php"";s:4:""mode"";s:6:""NONSSL"";s:3:""get"";a:2:{s:6:""_month"";s:0:"""";s:5:""_year"";s:0:"""";}s:4:""post"";a:0:{}}}s:8:""snapshot"";a:0:{}}affiliate_ref|N;affiliate_clickthroughs_id|N;"
1157532478,3da03da32719e7fbec27102271f2c239,"cart|O:12:""shoppingcart"":4:{s:8:""contents"";a:0:{}s:5:""total"";i:0;s:6:""weight"";i:0;s:12:""content_type"";b:0;}language|s:7:""english"";languages_id|s:1:""1"";currency|s:3:""USD"";navigation|O:17:""navigationhistory"":2:{s:4:""path"";a:1:{i:0;a:4:{s:4:""page"";s:20:""calendar_content.php"";s:4:""mode"";s:6:""NONSSL"";s:3:""get"";a:2:{s:6:""_month"";s:0:"""";s:5:""_year"";s:0:"""";}s:4:""post"";a:0:{}}}s:8:""snapshot"";a:0:{}}affiliate_ref|N;affiliate_clickthroughs_id|N;"
1157532573,6c886f1f15c761139a5df84b25ce3464,"cart|O:12:""shoppingcart"":4:{s:8:""contents"";a:0:{}s:5:""total"";i:0;s:6:""weight"";i:0;s:12:""content_type"";b:0;}language|s:7:""english"";languages_id|s:1:""1"";currency|s:3:""USD"";navigation|O:17:""navigationhistory"":2:{s:4:""path"";a:1:{i:0;a:4:{s:4:""page"";s:20:""calendar_content.php"";s:4:""mode"";s:6:""NONSSL"";s:3:""get"";a:2:{s:6:""_month"";s:0:"""";s:5:""_year"";s:0:"""";}s:4:""post"";a:0:{}}}s:8:""snapshot"";a:0:{}}affiliate_ref|N;affiliate_clickthroughs_id|N;"
1157546188,a9b4ab00e9b267c5848be4474c3e58fc,"cart|O:12:""shoppingcart"":4:{s:8:""contents"";a:0:{}s:5:""total"";i:0;s:6:""weight"";i:0;s:12:""content_type"";b:0;}language|s:7:""english"";languages_id|s:1:""1"";currency|s:3:""USD"";navigation|O:17:""navigationhistory"":2:{s:4:""path"";a:1:{i:0;a:4:{s:4:""page"";s:9:""index.php"";s:4:""mode"";s:6:""NONSSL"";s:3:""get"";a:0:{}s:4:""post"";a:0:{}}}s:8:""snapshot"";a:0:{}}affiliate_ref|N;affiliate_clickthroughs_id|N;"
1157546194,bf13acf774756ed4e784573b6351bd3a,"cart|O:12:""shoppingcart"":4:{s:8:""contents"";a:0:{}s:5:""total"";i:0;s:6:""weight"";i:0;s:12:""content_type"";b:0;}language|s:7:""english"";languages_id|s:1:""1"";currency|s:3:""USD"";navigation|O:17:""navigationhistory"":2:{s:4:""path"";a:1:{i:0;a:4:{s:4:""page"";s:20:""calendar_content.php"";s:4:""mode"";s:6:""NONSSL"";s:3:""get"";a:2:{s:6:""_month"";s:0:"""";s:5:""_year"";s:0:"""";}s:4:""post"";a:0:{}}}s:8:""snapshot"";a:0:{}}affiliate_ref|N;affiliate_clickthroughs_id|N;"
1157645413,fd5dd1cda7b1909646a9fef90055f6d7,"cart|O:12:""shoppingcart"":4:{s:8:""contents"";a:0:{}s:5:""total"";i:0;s:6:""weight"";i:0;s:12:""content_type"";b:0;}language|s:7:""english"";languages_id|s:1:""1"";currency|s:3:""USD"";navigation|O:17:""navigationhistory"":2:{s:4:""path"";a:1:{i:0;a:4:{s:4:""page"";s:9:""index.php"";s:4:""mode"";s:6:""NONSSL"";s:3:""get"";a:0:{}s:4:""post"";a:0:{}}}s:8:""snapshot"";a:0:{}}affiliate_ref|N;affiliate_clickthroughs_id|N;"
1157645420,fbfa4f4285569568eafa268c7f1be715,"cart|O:12:""shoppingcart"":4:{s:8:""contents"";a:0:{}s:5:""total"";i:0;s:6:""weight"";i:0;s:12:""content_type"";b:0;}language|s:7:""english"";languages_id|s:1:""1"";currency|s:3:""USD"";navigation|O:17:""navigationhistory"":2:{s:4:""path"";a:1:{i:0;a:4:{s:4:""page"";s:20:""calendar_content.php"";s:4:""mode"";s:6:""NONSSL"";s:3:""get"";a:2:{s:6:""_month"";s:0:"""";s:5:""_year"";s:0:"""";}s:4:""post"";a:0:{}}}s:8:""snapshot"";a:0:{}}affiliate_ref|N;affiliate_clickthroughs_id|N;"
1157672266,f55bfa70dd2a788a2eb844793f921f5c,"cart|O:12:""shoppingcart"":5:{s:8:""contents"";a:0:{}s:5:""total"";i:0;s:6:""weight"";i:0;s:6:""cartID"";N;s:12:""content_type"";b:0;}language|s:7:""english"";languages_id|s:1:""1"";currency|s:3:""USD"";navigation|O:17:""navigationhistory"":2:{s:4:""path"";a:1:{i:0;a:4:{s:4:""page"";s:9:""index.php"";s:4:""mode"";s:6:""NONSSL"";s:3:""get"";a:0:{}s:4:""post"";a:0:{}}}s:8:""snapshot"";a:0:{}}affiliate_ref|N;affiliate_clickthroughs_id|N;"
1157783629,6987641759f264e4c78ccf810a03d3d2,"cart|O:12:""shoppingcart"":4:{s:8:""contents"";a:0:{}s:5:""total"";i:0;s:6:""weight"";i:0;s:12:""content_type"";b:0;}language|s:7:""english"";languages_id|s:1:""1"";currency|s:3:""USD"";navigation|O:17:""navigationhistory"":2:{s:4:""path"";a:1:{i:0;a:4:{s:4:""page"";s:9:""index.php"";s:4:""mode"";s:6:""NONSSL"";s:3:""get"";a:0:{}s:4:""post"";a:0:{}}}s:8:""snapshot"";a:0:{}}affiliate_ref|N;affiliate_clickthroughs_id|N;"
1157783635,eea627907e50536b74827174c6893eeb,"cart|O:12:""shoppingcart"":4:{s:8:""contents"";a:0:{}s:5:""total"";i:0;s:6:""weight"";i:0;s:12:""content_type"";b:0;}language|s:7:""english"";languages_id|s:1:""1"";currency|s:3:""USD"";navigation|O:17:""navigationhistory"":2:{s:4:""path"";a:1:{i:0;a:4:{s:4:""page"";s:20:""calendar_content.php"";s:4:""mode"";s:6:""NONSSL"";s:3:""get"";a:2:{s:6:""_month"";s:0:"""";s:5:""_year"";s:0:"""";}s:4:""post"";a:0:{}}}s:8:""snapshot"";a:0:{}}affiliate_ref|N;affiliate_clickthroughs_id|N;"
1157815834,6056701c8913813469ac824a333fa7b9,"language|s:7:""english"";languages_id|s:1:""1"";currency|s:3:""USD"";selected_box|s:7:""catalog"";login_first_name|N;"
1157898262,32ef933f2d8c343bbe230960b67ba6d4,"cart|O:12:""shoppingcart"":4:{s:8:""contents"";a:0:{}s:5:""total"";i:0;s:6:""weight"";i:0;s:12:""content_type"";b:0;}language|s:7:""english"";languages_id|s:1:""1"";currency|s:3:""USD"";navigation|O:17:""navigationhistory"":2:{s:4:""path"";a:1:{i:0;a:4:{s:4:""page"";s:9:""index.php"";s:4:""mode"";s:6:""NONSSL"";s:3:""get"";a:0:{}s:4:""post"";a:0:{}}}s:8:""snapshot"";a:0:{}}affiliate_ref|N;affiliate_clickthroughs_id|N;"
1157898264,c9f1aa979f128a310eed476dc6f1fc4f,"cart|O:12:""shoppingcart"":4:{s:8:""contents"";a:0:{}s:5:""total"";i:0;s:6:""weight"";i:0;s:12:""content_type"";b:0;}language|s:7:""english"";languages_id|s:1:""1"";currency|s:3:""USD"";navigation|O:17:""navigationhistory"":2:{s:4:""path"";a:1:{i:0;a:4:{s:4:""page"";s:20:""calendar_content.php"";s:4:""mode"";s:6:""NONSSL"";s:3:""get"";a:2:{s:6:""_month"";s:0:"""";s:5:""_year"";s:0:"""";}s:4:""post"";a:0:{}}}s:8:""snapshot"";a:0:{}}affiliate_ref|N;affiliate_clickthroughs_id|N;"
1157957527,5382c2fef5c0ed80ed60184f5ad1a1ae,"cart|O:12:""shoppingcart"":4:{s:8:""contents"";a:0:{}s:5:""total"";i:0;s:6:""weight"";i:0;s:12:""content_type"";b:0;}language|s:7:""english"";languages_id|s:1:""1"";currency|s:3:""USD"";navigation|O:17:""navigationhistory"":2:{s:4:""path"";a:1:{i:0;a:4:{s:4:""page"";s:9:""index.php"";s:4:""mode"";s:6:""NONSSL"";s:3:""get"";a:0:{}s:4:""post"";a:0:{}}}s:8:""snapshot"";a:0:{}}affiliate_ref|N;affiliate_clickthroughs_id|N;"
1157957536,3e77678e4028c62511547fc9a23fe322,"cart|O:12:""shoppingcart"":4:{s:8:""contents"";a:0:{}s:5:""total"";i:0;s:6:""weight"";i:0;s:12:""content_type"";b:0;}language|s:7:""english"";languages_id|s:1:""1"";currency|s:3:""USD"";navigation|O:17:""navigationhistory"":2:{s:4:""path"";a:1:{i:0;a:4:{s:4:""page"";s:20:""calendar_content.php"";s:4:""mode"";s:6:""NONSSL"";s:3:""get"";a:2:{s:6:""_month"";s:0:"""";s:5:""_year"";s:0:"""";}s:4:""post"";a:0:{}}}s:8:""snapshot"";a:0:{}}affiliate_ref|N;affiliate_clickthroughs_id|N;"
1158108045,06687531f40d906f040374b8ebb067e0,"cart|O:12:""shoppingcart"":4:{s:8:""contents"";a:0:{}s:5:""total"";i:0;s:6:""weight"";i:0;s:12:""content_type"";b:0;}language|s:7:""english"";languages_id|s:1:""1"";currency|s:3:""USD"";navigation|O:17:""navigationhistory"":2:{s:4:""path"";a:1:{i:0;a:4:{s:4:""page"";s:9:""index.php"";s:4:""mode"";s:6:""NONSSL"";s:3:""get"";a:0:{}s:4:""post"";a:0:{}}}s:8:""snapshot"";a:0:{}}affiliate_ref|N;affiliate_clickthroughs_id|N;"
1158602529,11e3fa1ccaa4119b63e5b89533c349ce,"cart|O:12:""shoppingcart"":5:{s:8:""contents"";a:0:{}s:5:""total"";i:0;s:6:""weight"";i:0;s:6:""cartID"";N;s:12:""content_type"";b:0;}language|s:7:""espanol"";languages_id|s:1:""5"";currency|s:3:""USD"";navigation|O:17:""navigationhistory"":2:{s:4:""path"";a:2:{i:0;a:4:{s:4:""page"";s:9:""index.php"";s:4:""mode"";s:6:""NONSSL"";s:3:""get"";a:2:{s:8:""language"";s:2:""es"";s:6:""osCsid"";s:32:""11e3fa1ccaa4119b63e5b89533c349ce"";}s:4:""post"";a:0:{}}i:1;a:4:{s:4:""page"";s:16:""product_info.php"";s:4:""mode"";s:6:""NONSSL"";s:3:""get"";a:4:{s:11:""products_id"";s:2:""27"";s:8:""language"";s:2:""es"";s:6:""action"";s:6:""notify"";s:6:""osCsid"";s:32:""11e3fa1ccaa4119b63e5b89533c349ce"";}s:4:""post"";a:0:{}}}s:8:""snapshot"";a:4:{s:4:""page"";s:16:""product_info.php"";s:4:""mode"";s:6:""NONSSL"";s:3:""get"";a:4:{s:11:""products_id"";s:2:""27"";s:8:""language"";s:2:""es"";s:6:""action"";s:6:""notify"";s:6:""osCsid"";s:32:""11e3fa1ccaa4119b63e5b89533c349ce"";}s:4:""post"";a:0:{}}}affiliate_ref|N;affiliate_clickthroughs_id|N;SESSION_WISHLIST|s:2:""27"";"
1158602208,1961f1d2caf4ffde13abe4f7cb60aaf7,"cart|O:12:""shoppingcart"":4:{s:8:""contents"";a:0:{}s:5:""total"";i:0;s:6:""weight"";i:0;s:12:""content_type"";b:0;}language|s:7:""english"";languages_id|s:1:""1"";currency|s:3:""USD"";navigation|O:17:""navigationhistory"":2:{s:4:""path"";a:1:{i:0;a:4:{s:4:""page"";s:20:""calendar_content.php"";s:4:""mode"";s:6:""NONSSL"";s:3:""get"";a:2:{s:6:""_month"";s:0:"""";s:5:""_year"";s:0:"""";}s:4:""post"";a:0:{}}}s:8:""snapshot"";a:0:{}}affiliate_ref|N;affiliate_clickthroughs_id|N;"
1158648411,bb9bc83b1520db20e89456c6a6fdb804,"cart|O:12:""shoppingcart"":4:{s:8:""contents"";a:0:{}s:5:""total"";i:0;s:6:""weight"";i:0;s:12:""content_type"";b:0;}language|s:7:""english"";languages_id|s:1:""1"";currency|s:3:""USD"";navigation|O:17:""navigationhistory"":2:{s:4:""path"";a:1:{i:0;a:4:{s:4:""page"";s:9:""index.php"";s:4:""mode"";s:6:""NONSSL"";s:3:""get"";a:0:{}s:4:""post"";a:0:{}}}s:8:""snapshot"";a:0:{}}affiliate_ref|N;affiliate_clickthroughs_id|N;"
1158602370,56b4f1d38e0dac73fa4e7e971ba19d24,"cart|O:12:""shoppingcart"":4:{s:8:""contents"";a:0:{}s:5:""total"";i:0;s:6:""weight"";i:0;s:12:""content_type"";b:0;}language|s:7:""english"";languages_id|s:1:""1"";currency|s:3:""USD"";navigation|O:17:""navigationhistory"":2:{s:4:""path"";a:1:{i:0;a:4:{s:4:""page"";s:18:""affiliate_info.php"";s:4:""mode"";s:6:""NONSSL"";s:3:""get"";a:0:{}s:4:""post"";a:0:{}}}s:8:""snapshot"";a:0:{}}affiliate_ref|N;affiliate_clickthroughs_id|N;"
1158648431,d9212363145e119c30b324b59c1a7bd8,"cart|O:12:""shoppingcart"":4:{s:8:""contents"";a:0:{}s:5:""total"";i:0;s:6:""weight"";i:0;s:12:""content_type"";b:0;}language|s:7:""english"";languages_id|s:1:""1"";currency|s:3:""USD"";navigation|O:17:""navigationhistory"":2:{s:4:""path"";a:1:{i:0;a:4:{s:4:""page"";s:20:""calendar_content.php"";s:4:""mode"";s:6:""NONSSL"";s:3:""get"";a:2:{s:6:""_month"";s:0:"""";s:5:""_year"";s:0:"""";}s:4:""post"";a:0:{}}}s:8:""snapshot"";a:0:{}}affiliate_ref|N;affiliate_clickthroughs_id|N;"
1158707888,37868059cc87e03de778e2852ecda267,"cart|O:12:""shoppingcart"":4:{s:8:""contents"";a:0:{}s:5:""total"";i:0;s:6:""weight"";i:0;s:12:""content_type"";b:0;}language|s:7:""english"";languages_id|s:1:""1"";currency|s:3:""USD"";navigation|O:17:""navigationhistory"":2:{s:4:""path"";a:1:{i:0;a:4:{s:4:""page"";s:9:""index.php"";s:4:""mode"";s:6:""NONSSL"";s:3:""get"";a:0:{}s:4:""post"";a:0:{}}}s:8:""snapshot"";a:0:{}}affiliate_ref|N;affiliate_clickthroughs_id|N;"
1158982054,6e74e2616f8a969c832be36d0b396e27,"cart|O:12:""shoppingcart"":5:{s:8:""contents"";a:0:{}s:5:""total"";i:0;s:6:""weight"";i:0;s:6:""cartID"";N;s:12:""content_type"";b:0;}language|s:7:""english"";languages_id|s:1:""1"";currency|s:3:""USD"";navigation|O:17:""navigationhistory"":2:{s:4:""path"";a:3:{i:0;a:4:{s:4:""page"";s:9:""index.php"";s:4:""mode"";s:6:""NONSSL"";s:3:""get"";a:0:{}s:4:""post"";a:0:{}}i:1;a:4:{s:4:""page"";s:9:""index.php"";s:4:""mode"";s:6:""NONSSL"";s:3:""get"";a:2:{s:5:""cPath"";s:1:""1"";s:6:""osCsid"";s:32:""6e74e2616f8a969c832be36d0b396e27"";}s:4:""post"";a:0:{}}i:2;a:4:{s:4:""page"";s:9:""index.php"";s:4:""mode"";s:6:""NONSSL"";s:3:""get"";a:2:{s:5:""cPath"";s:3:""1_8"";s:6:""osCsid"";s:32:""6e74e2616f8a969c832be36d0b396e27"";}s:4:""post"";a:0:{}}}s:8:""snapshot"";a:0:{}}affiliate_ref|N;affiliate_clickthroughs_id|N;"
1158980776,4d7d6081b2c6f84d54cfa9b0b991227b,"cart|O:12:""shoppingcart"":4:{s:8:""contents"";a:0:{}s:5:""total"";i:0;s:6:""weight"";i:0;s:12:""content_type"";b:0;}language|s:7:""english"";languages_id|s:1:""1"";currency|s:3:""USD"";navigation|O:17:""navigationhistory"":2:{s:4:""path"";a:1:{i:0;a:4:{s:4:""page"";s:20:""calendar_content.php"";s:4:""mode"";s:6:""NONSSL"";s:3:""get"";a:2:{s:6:""_month"";s:0:"""";s:5:""_year"";s:0:"""";}s:4:""post"";a:0:{}}}s:8:""snapshot"";a:0:{}}affiliate_ref|N;affiliate_clickthroughs_id|N;"
1158981666,d0d3d05a7378d368288d0b1a16d32f0a,"cart|O:12:""shoppingcart"":4:{s:8:""contents"";a:0:{}s:5:""total"";i:0;s:6:""weight"";i:0;s:12:""content_type"";b:0;}language|s:7:""english"";languages_id|s:1:""1"";currency|s:3:""USD"";navigation|O:17:""navigationhistory"":2:{s:4:""path"";a:1:{i:0;a:4:{s:4:""page"";s:20:""calendar_content.php"";s:4:""mode"";s:6:""NONSSL"";s:3:""get"";a:2:{s:6:""_month"";s:0:"""";s:5:""_year"";s:0:"""";}s:4:""post"";a:0:{}}}s:8:""snapshot"";a:0:{}}affiliate_ref|N;affiliate_clickthroughs_id|N;"
1158982058,f0d1268d2fbb1922fafdc39b91ad648b,"cart|O:12:""shoppingcart"":4:{s:8:""contents"";a:0:{}s:5:""total"";i:0;s:6:""weight"";i:0;s:12:""content_type"";b:0;}language|s:7:""english"";languages_id|s:1:""1"";currency|s:3:""USD"";navigation|O:17:""navigationhistory"":2:{s:4:""path"";a:1:{i:0;a:4:{s:4:""page"";s:20:""calendar_content.php"";s:4:""mode"";s:6:""NONSSL"";s:3:""get"";a:2:{s:6:""_month"";s:0:"""";s:5:""_year"";s:0:"""";}s:4:""post"";a:0:{}}}s:8:""snapshot"";a:0:{}}affiliate_ref|N;affiliate_clickthroughs_id|N;"
1159022772,e8c836ee1a6e6d7c43c9c3146147a4f1,"cart|O:12:""shoppingcart"":5:{s:8:""contents"";a:0:{}s:5:""total"";i:0;s:6:""weight"";i:0;s:6:""cartID"";N;s:12:""content_type"";b:0;}language|s:7:""english"";languages_id|s:1:""1"";currency|s:3:""EUR"";navigation|O:17:""navigationhistory"":2:{s:4:""path"";a:4:{i:0;a:4:{s:4:""page"";s:9:""index.php"";s:4:""mode"";s:6:""NONSSL"";s:3:""get"";a:0:{}s:4:""post"";a:0:{}}i:1;a:4:{s:4:""page"";s:15:""information.php"";s:4:""mode"";s:6:""NONSSL"";s:3:""get"";a:2:{s:7:""info_id"";s:1:""1"";s:6:""osCsid"";s:32:""e8c836ee1a6e6d7c43c9c3146147a4f1"";}s:4:""post"";a:0:{}}i:2;a:4:{s:4:""page"";s:9:""index.php"";s:4:""mode"";s:6:""NONSSL"";s:3:""get"";a:2:{s:5:""cPath"";s:1:""3"";s:6:""osCsid"";s:32:""e8c836ee1a6e6d7c43c9c3146147a4f1"";}s:4:""post"";a:0:{}}i:3;a:4:{s:4:""page"";s:9:""index.php"";s:4:""mode"";s:6:""NONSSL"";s:3:""get"";a:2:{s:5:""cPath"";s:4:""3_12"";s:6:""osCsid"";s:32:""e8c836ee1a6e6d7c43c9c3146147a4f1"";}s:4:""post"";a:0:{}}}s:8:""snapshot"";a:0:{}}affiliate_ref|N;affiliate_clickthroughs_id|N;"
1159022614,28abc7094af3f68975c6dcc224f30f19,"cart|O:12:""shoppingcart"":4:{s:8:""contents"";a:0:{}s:5:""total"";i:0;s:6:""weight"";i:0;s:12:""content_type"";b:0;}language|s:7:""english"";languages_id|s:1:""1"";currency|s:3:""USD"";navigation|O:17:""navigationhistory"":2:{s:4:""path"";a:1:{i:0;a:4:{s:4:""page"";s:20:""calendar_content.php"";s:4:""mode"";s:6:""NONSSL"";s:3:""get"";a:2:{s:6:""_month"";s:0:"""";s:5:""_year"";s:0:"""";}s:4:""post"";a:0:{}}}s:8:""snapshot"";a:0:{}}affiliate_ref|N;affiliate_clickthroughs_id|N;"
1159022662,41ad24ca8b3ecc31b00e0b5621936361,"cart|O:12:""shoppingcart"":4:{s:8:""contents"";a:0:{}s:5:""total"";i:0;s:6:""weight"";i:0;s:12:""content_type"";b:0;}language|s:7:""english"";languages_id|s:1:""1"";currency|s:3:""USD"";navigation|O:17:""navigationhistory"":2:{s:4:""path"";a:1:{i:0;a:4:{s:4:""page"";s:20:""calendar_content.php"";s:4:""mode"";s:6:""NONSSL"";s:3:""get"";a:2:{s:6:""_month"";s:0:"""";s:5:""_year"";s:0:"""";}s:4:""post"";a:0:{}}}s:8:""snapshot"";a:0:{}}affiliate_ref|N;affiliate_clickthroughs_id|N;"
1159022686,82a8635d9ad146cfa321ad370e68e7cc,"cart|O:12:""shoppingcart"":4:{s:8:""contents"";a:0:{}s:5:""total"";i:0;s:6:""weight"";i:0;s:12:""content_type"";b:0;}language|s:7:""english"";languages_id|s:1:""1"";currency|s:3:""USD"";navigation|O:17:""navigationhistory"":2:{s:4:""path"";a:1:{i:0;a:4:{s:4:""page"";s:20:""calendar_content.php"";s:4:""mode"";s:6:""NONSSL"";s:3:""get"";a:2:{s:6:""_month"";s:0:"""";s:5:""_year"";s:0:"""";}s:4:""post"";a:0:{}}}s:8:""snapshot"";a:0:{}}affiliate_ref|N;affiliate_clickthroughs_id|N;"
1159022694,1cc3f4b197c652ef26d711bc7fe6dd85,"cart|O:12:""shoppingcart"":4:{s:8:""contents"";a:0:{}s:5:""total"";i:0;s:6:""weight"";i:0;s:12:""content_type"";b:0;}language|s:7:""english"";languages_id|s:1:""1"";currency|s:3:""USD"";navigation|O:17:""navigationhistory"":2:{s:4:""path"";a:1:{i:0;a:4:{s:4:""page"";s:20:""calendar_content.php"";s:4:""mode"";s:6:""NONSSL"";s:3:""get"";a:2:{s:6:""_month"";s:0:"""";s:5:""_year"";s:0:"""";}s:4:""post"";a:0:{}}}s:8:""snapshot"";a:0:{}}affiliate_ref|N;affiliate_clickthroughs_id|N;"
1159022778,6ec61f9f9d547a2763e86ed59584f120,"cart|O:12:""shoppingcart"":4:{s:8:""contents"";a:0:{}s:5:""total"";i:0;s:6:""weight"";i:0;s:12:""content_type"";b:0;}language|s:7:""english"";languages_id|s:1:""1"";currency|s:3:""USD"";navigation|O:17:""navigationhistory"":2:{s:4:""path"";a:1:{i:0;a:4:{s:4:""page"";s:20:""calendar_content.php"";s:4:""mode"";s:6:""NONSSL"";s:3:""get"";a:2:{s:6:""_month"";s:0:"""";s:5:""_year"";s:0:"""";}s:4:""post"";a:0:{}}}s:8:""snapshot"";a:0:{}}affiliate_ref|N;affiliate_clickthroughs_id|N;"

